smell,measure,family,injected_d,injected_lo,injected_hi,real_d,real_lo,real_hi,capped
deep_nesting,sloc,structural,1.2782,0.974024114228363,1.582375885771637,4.579,4.319113457622868,4.838886542377131,False
deep_nesting,cyclomatic,structural,3.8536,3.385141210619504,4.322058789380496,5.0,,,True
deep_nesting,cognitive,structural,3.5057,3.064265393705976,3.947134606294024,4.695,4.431637134390629,4.958362865609372,False
deep_nesting,maintainability,structural,0.2056,-0.0723172073503906,0.4835172073503906,4.029,3.785000249985103,4.272999750014897,False
deep_nesting,halstead_volume,structural,0.0,-0.27718585822512665,0.27718585822512665,4.627,4.365679929865271,4.8883200701347285,False
deep_nesting,halstead_difficulty,structural,0.0,-0.27718585822512665,0.27718585822512665,5.0,,,True
deep_nesting,halstead_effort,structural,0.0,-0.27718585822512665,0.27718585822512665,4.337,4.0842298952724985,4.589770104727501,False
deep_nesting,comment_density,structural,-0.0,-0.27718585822512665,0.27718585822512665,-0.242,-0.42140925693573794,-0.06259074306426204,False
deep_nesting,api_calls,structural,-0.5915,-0.8746822259411773,-0.3083177740588227,-5.0,,,True
deep_nesting,perplexity,fluency,-0.5161,-0.7978625132143025,-0.2343374867856975,-0.455,-0.6351074846424591,-0.2748925153575409,False
deep_nesting,bleu,similarity,4.5923,4.063742659627964,5.120857340372035,,,,False
deep_nesting,chrf,similarity,2.9079,2.510354663383357,3.305445336616643,,,,False
deep_nesting,rouge_l,similarity,3.6714,3.2172127862567685,4.1255872137432315,,,,False
deep_nesting,codebleu,similarity,5.0,,,,,,True
deep_nesting,ast_similarity,similarity,3.7287,3.2700515853742,4.1873484146258,,,,False
deep_nesting,codebert_score,similarity,4.9104,4.355058736947596,5.465741263052404,,,,False
deep_nesting,bertscore,similarity,5.0,,,,,,True
complex_conditional,sloc,structural,0.4261,0.14578640086353284,0.7064135991364671,2.445,2.2704795776988815,2.619520422301118,False
complex_conditional,cyclomatic,structural,5.0,,,2.545,2.368248509683263,2.721751490316737,True
complex_conditional,cognitive,structural,0.7587,0.47171514129355185,1.0456848587064482,2.336,2.163840448257286,2.5081595517427138,False
complex_conditional,maintainability,structural,0.7794,0.49188289144219605,1.066917108557804,2.889,2.704129941092078,3.0738700589079215,False
complex_conditional,halstead_volume,structural,0.453,0.17228158728718918,0.7337184127128109,2.348,2.1755842538280135,2.5204157461719863,False
complex_conditional,halstead_difficulty,structural,1.4983,1.1846249334812216,1.8119750665187784,3.767,3.558780727289612,3.9752192727103877,False
complex_conditional,halstead_effort,structural,0.454,0.17326607247430886,0.7347339275256912,2.05,1.8836605824735004,2.216339417526499,False
complex_conditional,comment_density,structural,-0.0,-0.27718585822512665,0.27718585822512665,-0.077,-0.22218201577556956,0.06818201577556958,False
complex_conditional,api_calls,structural,-0.0,-0.27718585822512665,0.27718585822512665,-2.535,-2.7115256487554067,-2.3584743512445936,False
complex_conditional,perplexity,fluency,-0.07,-0.34727073339968645,0.20727073339968644,-0.348,-0.49380366056731717,-0.20219633943268278,False
complex_conditional,bleu,similarity,2.9531,2.552367471429583,3.353832528570417,,,,False
complex_conditional,chrf,similarity,2.4691,2.101156591314316,2.837043408685684,,,,False
complex_conditional,rouge_l,similarity,3.0824,2.6724226512902938,3.492377348709706,,,,False
complex_conditional,codebleu,similarity,2.9742,2.5719715902542934,3.376428409745707,,,,False
complex_conditional,ast_similarity,similarity,3.0556,2.6475539439947497,3.4636460560052504,,,,False
complex_conditional,codebert_score,similarity,3.9669,3.489444888980713,4.444355111019287,,,,False
complex_conditional,bertscore,similarity,3.9618,3.4847517507201604,4.43884824927984,,,,False
long_method,sloc,structural,5.0,,,1.921,1.7914008239119736,2.0505991760880264,True
long_method,cyclomatic,structural,0.0,-0.27718585822512665,0.27718585822512665,1.725,1.5990498104870523,1.8509501895129479,False
long_method,cognitive,structural,0.0,-0.27718585822512665,0.27718585822512665,1.446,1.3247193290034673,1.5672806709965326,False
long_method,maintainability,structural,3.0828,2.67279376750181,3.4928062324981903,2.926,2.773840942972066,3.0781590570279342,False
long_method,halstead_volume,structural,5.0,,,1.764,1.637346898565328,1.8906531014346721,True
long_method,halstead_difficulty,structural,0.5447,0.26242090325998274,0.8269790967400172,3.508,3.340552518815017,3.675447481184983,False
long_method,halstead_effort,structural,1.7547,1.4285061190758477,2.080893880924152,1.456,1.3345633123680436,1.5774366876319563,False
long_method,comment_density,structural,-0.0,-0.27718585822512665,0.27718585822512665,-0.193,-0.30267765928867696,-0.08332234071132304,False
long_method,api_calls,structural,-0.0,-0.27718585822512665,0.27718585822512665,-3.389,-3.5532183867640614,-3.224781613235938,False
long_method,perplexity,fluency,-1.2414,-1.5441085633275677,-0.9386914366724325,-0.638,-0.7498558502132742,-0.5261441497867259,False
long_method,bleu,similarity,5.0,,,,,,True
long_method,chrf,similarity,4.7684,4.225072952329594,5.311727047670406,,,,False
long_method,rouge_l,similarity,5.0,,,,,,True
long_method,codebleu,similarity,5.0,,,,,,True
long_method,ast_similarity,similarity,5.0,,,,,,True
long_method,codebert_score,similarity,5.0,,,,,,True
long_method,bertscore,similarity,5.0,,,,,,True
inefficient_copy,sloc,structural,0.2111,-0.06685680432189456,0.4890568043218946,0.908,0.691093723523205,1.1249062764767952,False
inefficient_copy,cyclomatic,structural,0.279,0.0004688797207752504,0.5575311202792248,2.241,2.0076936917980515,2.4743063082019487,False
inefficient_copy,cognitive,structural,0.1788,-0.09893914830603198,0.45653914830603193,2.578,2.3386500196726137,2.817349980327386,False
inefficient_copy,maintainability,structural,0.0378,-0.23941061051005968,0.3150106105100597,1.171,0.9518879293646633,1.3901120706353367,False
inefficient_copy,halstead_volume,structural,0.0,-0.27718585822512665,0.27718585822512665,0.782,0.5659588539767764,0.9980411460232237,False
inefficient_copy,halstead_difficulty,structural,0.0,-0.27718585822512665,0.27718585822512665,1.016,0.798252821889633,1.233747178110367,False
inefficient_copy,halstead_effort,structural,0.0,-0.27718585822512665,0.27718585822512665,0.65,0.4347297317189457,0.8652702682810544,False
inefficient_copy,comment_density,structural,-0.0,-0.27718585822512665,0.27718585822512665,0.089,-0.1245697885353354,0.3025697885353354,False
inefficient_copy,api_calls,structural,-0.0084,-0.28558708061206606,0.268787080612066,-1.594,-1.8177574291805514,-1.3702425708194488,False
inefficient_copy,perplexity,fluency,-0.0799,-0.35719643350039687,0.19739643350039685,-0.445,-0.6593512132845679,-0.23064878671543207,False
inefficient_copy,bleu,similarity,1.7279,1.4030830187788206,2.052716981221179,,,,False
inefficient_copy,chrf,similarity,1.4953,1.181762449214835,1.808837550785165,,,,False
inefficient_copy,rouge_l,similarity,1.6172,1.297904391813229,1.936495608186771,,,,False
inefficient_copy,codebleu,similarity,2.2366,1.8832236378954588,2.5899763621045415,,,,False
inefficient_copy,ast_similarity,similarity,2.0016,1.6620274890597884,2.3411725109402113,,,,False
inefficient_copy,codebert_score,similarity,1.9851,1.6464589898077318,2.3237410101922684,,,,False
inefficient_copy,bertscore,similarity,2.2971,1.9400158034725703,2.6541841965274298,,,,False
duplicate_code,sloc,structural,1.0629,0.7667882296131407,1.3590117703868592,1.55,1.3790697484281051,1.720930251571895,False
duplicate_code,cyclomatic,structural,1.1027,0.8051937685137336,1.4002062314862664,1.079,0.9140763586181313,1.2439236413818686,False
duplicate_code,cognitive,structural,0.6903,0.40497835462348813,0.9756216453765119,0.735,0.5731878409882533,0.8968121590117467,False
duplicate_code,maintainability,structural,0.5385,0.2563351731186185,0.8206648268813814,1.36,1.1917252877272644,1.5282747122727358,False
duplicate_code,halstead_volume,structural,0.7504,0.46362480243814663,1.0371751975618533,1.066,0.9012141453931416,1.2307858546068586,False
duplicate_code,halstead_difficulty,structural,0.0015,-0.2756858972043852,0.2786858972043852,1.009,0.8447998570736404,1.1732001429263594,False
duplicate_code,halstead_effort,structural,0.4167,0.1365221495200593,0.6968778504799407,0.722,0.5602832211630682,0.8837167788369318,False
duplicate_code,comment_density,structural,-0.0,-0.27718585822512665,0.27718585822512665,-0.487,-0.6472792652143363,-0.32672073478566366,False
duplicate_code,api_calls,structural,-0.0,-0.27718585822512665,0.27718585822512665,-1.433,-1.6022588258101924,-1.2637411741898077,False
duplicate_code,perplexity,fluency,-1.028,-1.3229260136644443,-0.7330739863355558,-0.624,-0.785050970323717,-0.46294902967628304,False
duplicate_code,bleu,similarity,5.0,,,,,,True
duplicate_code,chrf,similarity,5.0,,,,,,True
duplicate_code,rouge_l,similarity,5.0,,,,,,True
duplicate_code,codebleu,similarity,5.0,,,,,,True
duplicate_code,ast_similarity,similarity,5.0,,,,,,True
duplicate_code,codebert_score,similarity,5.0,,,,,,True
duplicate_code,bertscore,similarity,5.0,,,,,,True
magic_number,sloc,structural,0.213,-0.06497072485425512,0.4909707248542551,0.544,0.4037760823003437,0.6842239176996564,False
magic_number,cyclomatic,structural,0.0,-0.27718585822512665,0.27718585822512665,1.318,1.1700901145177918,1.4659098854822084,False
magic_number,cognitive,structural,0.0,-0.27718585822512665,0.27718585822512665,0.892,0.7490641782863372,1.0349358217136628,False
magic_number,maintainability,structural,0.5368,0.25466628467877156,0.8189337153212286,1.427,1.277543971033083,1.5764560289669172,False
magic_number,halstead_volume,structural,0.2144,-0.06358106145102763,0.49238106145102767,0.894,0.7510449790771937,1.0369550209228064,False
magic_number,halstead_difficulty,structural,0.2151,-0.06288625499840811,0.49308625499840814,1.075,0.9301422090462511,1.219857790953749,False
magic_number,halstead_effort,structural,0.1126,-0.16480541957762831,0.39000541957762835,0.591,0.45048409643090215,0.7315159035690978,False
magic_number,comment_density,structural,-0.0,-0.27718585822512665,0.27718585822512665,-0.118,-0.25667009834625487,0.020670098346254884,False
magic_number,api_calls,structural,-0.0,-0.27718585822512665,0.27718585822512665,-0.804,-0.9461313078890081,-0.661868692110992,False
magic_number,perplexity,fluency,0.4591,0.1782864282709256,0.7399135717290743,-0.337,-0.4762210999387665,-0.19777890006123355,False
magic_number,bleu,similarity,2.4646,2.0969464574512573,2.8322535425487425,,,,False
magic_number,chrf,similarity,2.4158,2.05127043343158,2.78032956656842,,,,False
magic_number,rouge_l,similarity,2.388,2.025233914793568,2.7507660852064317,,,,False
magic_number,codebleu,similarity,4.4824,3.962982344028392,5.0018176559716085,,,,False
magic_number,ast_similarity,similarity,2.628,2.2496338916657574,3.006366108334243,,,,False
magic_number,codebert_score,similarity,3.232,2.8111037019692384,3.652896298030762,,,,False
magic_number,bertscore,similarity,3.4412,3.0046668410604296,3.87773315893957,,,,False
inefficient_loop,sloc,structural,0.2489,-0.029357038403056424,0.5271570384030564,0.762,0.6296940773215542,0.8943059226784458,False
inefficient_loop,cyclomatic,structural,0.0,-0.27718585822512665,0.27718585822512665,1.374,1.234585715459467,1.5134142845405332,False
inefficient_loop,cognitive,structural,0.2141,-0.0638788407977125,0.4920788407977125,1.295,1.1567075480302886,1.4332924519697112,False
inefficient_loop,maintainability,structural,0.0082,-0.26898702309624817,0.28538702309624814,1.035,0.8999825586385415,1.1700174413614584,False
inefficient_loop,halstead_volume,structural,0.0,-0.27718585822512665,0.27718585822512665,0.893,0.7594889708602742,1.026511029139726,False
inefficient_loop,halstead_difficulty,structural,0.0,-0.27718585822512665,0.27718585822512665,1.125,0.9889230256482826,1.2610769743517174,False
inefficient_loop,halstead_effort,structural,0.0,-0.27718585822512665,0.27718585822512665,0.779,0.6465478794021334,0.9114521205978666,False
inefficient_loop,comment_density,structural,-0.0,-0.27718585822512665,0.27718585822512665,-0.013,-0.14202396303529563,0.11602396303529562,False
inefficient_loop,api_calls,structural,-0.2263,-0.5043716401770594,0.051771640177059375,-1.196,-1.332968711716703,-1.0590312882832968,False
inefficient_loop,perplexity,fluency,-0.2665,-0.5449135371870413,0.011913537187041245,-0.527,-0.6576035551304709,-0.39639644486952913,False
inefficient_loop,bleu,similarity,1.5302,1.215049430220791,1.845350569779209,,,,False
inefficient_loop,chrf,similarity,1.4621,1.1500698404294225,1.7741301595705774,,,,False
inefficient_loop,rouge_l,similarity,1.5408,1.2251538107270104,1.8564461892729895,,,,False
inefficient_loop,codebleu,similarity,2.1984,1.8473333789346529,2.549466621065347,,,,False
inefficient_loop,ast_similarity,similarity,1.6726,1.3505750605014575,1.9946249394985427,,,,False
inefficient_loop,codebert_score,similarity,2.3919,2.0288872363146995,2.754912763685301,,,,False
inefficient_loop,bertscore,similarity,2.323,1.9643102402967154,2.6816897597032847,,,,False
perf_try_in_loop,sloc,structural,0.7503,0.46352731534478386,1.037072684655216,0.766,0.6336599535632854,0.8983400464367146,False
perf_try_in_loop,cyclomatic,structural,0.4937,0.21232324903652755,0.7750767509634725,1.106,0.9701533527433535,1.2418466472566467,False
perf_try_in_loop,cognitive,structural,0.667,0.38221110633312966,0.9517888936668704,1.027,0.892072849295135,1.161927150704865,False
perf_try_in_loop,maintainability,structural,0.1604,-0.11723121807289616,0.43803121807289613,1.002,0.867350871302961,1.136649128697039,False
perf_try_in_loop,halstead_volume,structural,0.0,-0.27718585822512665,0.27718585822512665,0.694,0.5622480776315014,0.8257519223684985,False
perf_try_in_loop,halstead_difficulty,structural,0.0,-0.27718585822512665,0.27718585822512665,0.995,0.8604275906854679,1.129572409314532,False
perf_try_in_loop,halstead_effort,structural,0.0,-0.27718585822512665,0.27718585822512665,0.607,0.47588428430600427,0.7381157156939957,False
perf_try_in_loop,comment_density,structural,-0.0,-0.27718585822512665,0.27718585822512665,-0.215,-0.344287402900352,-0.08571259709964801,False
perf_try_in_loop,api_calls,structural,-0.0,-0.27718585822512665,0.27718585822512665,-1.295,-1.4332924519697112,-1.1567075480302886,False
perf_try_in_loop,perplexity,fluency,-0.0473,-0.32452461458744963,0.22992461458744962,-0.351,-0.48072651058798016,-0.2212734894120198,False
perf_try_in_loop,bleu,similarity,2.8301,2.437984058523451,3.2222159414765486,,,,False
perf_try_in_loop,chrf,similarity,2.7161,2.3318050335837848,3.100394966416215,,,,False
perf_try_in_loop,rouge_l,similarity,2.8889,2.492687282146522,3.2851127178534782,,,,False
perf_try_in_loop,codebleu,similarity,3.0813,2.671402072873307,3.4911979271266933,,,,False
perf_try_in_loop,ast_similarity,similarity,2.9405,2.540658315628548,3.3403416843714524,,,,False
perf_try_in_loop,codebert_score,similarity,3.6489,3.1964575379113493,4.101342462088651,,,,False
perf_try_in_loop,bertscore,similarity,5.0,,,,,,True
broad_except,sloc,structural,0.6391,0.35492621097075117,0.9232737890292488,0.658,0.56442813699671,0.75157186300329,False
broad_except,cyclomatic,structural,0.6423,0.3580569290533892,0.9265430709466107,0.734,0.6398461700566395,0.8281538299433605,False
broad_except,cognitive,structural,0.3793,0.09963285323806809,0.658967146761932,0.668,0.5743549948418616,0.7616450051581385,False
broad_except,maintainability,structural,0.0994,-0.1779569739116722,0.3767569739116722,1.191,1.0921393642790327,1.2898606357209674,False
broad_except,halstead_volume,structural,0.0,-0.27718585822512665,0.27718585822512665,0.593,0.4998779268529915,0.6861220731470085,False
broad_except,halstead_difficulty,structural,0.0,-0.27718585822512665,0.27718585822512665,0.9,0.8043702234471873,0.9956297765528127,False
broad_except,halstead_effort,structural,0.0,-0.27718585822512665,0.27718585822512665,0.538,0.4452234828232119,0.6307765171767882,False
broad_except,comment_density,structural,-0.0,-0.27718585822512665,0.27718585822512665,0.019,-0.07215343956547197,0.11015343956547198,False
broad_except,api_calls,structural,-0.0,-0.27718585822512665,0.27718585822512665,-1.013,-1.1097899237162796,-0.9162100762837202,False
broad_except,perplexity,fluency,-0.2204,-0.49842612366581673,0.05762612366581668,-0.379,-0.47096147620556383,-0.2870385237944362,False
broad_except,bleu,similarity,2.5597,2.1858577558376258,2.933542244162374,,,,False
broad_except,chrf,similarity,2.5349,2.16268420806199,2.90711579193801,,,,False
broad_except,rouge_l,similarity,2.5646,2.1904353690838216,2.9387646309161783,,,,False
broad_except,codebleu,similarity,2.2974,1.9402972681663722,2.6545027318336283,,,,False
broad_except,ast_similarity,similarity,2.5492,2.1760474416186324,2.9223525583813674,,,,False
broad_except,codebert_score,similarity,3.7483,3.288119788826638,4.208480211173362,,,,False
broad_except,bertscore,similarity,4.4179,3.90381699182171,4.931983008178291,,,,False
long_parameter_list,sloc,structural,0.0,-0.27718585822512665,0.27718585822512665,0.354,0.264507939196178,0.443492060803822,False
long_parameter_list,cyclomatic,structural,0.0,-0.27718585822512665,0.27718585822512665,0.541,0.4505915503764984,0.6314084496235017,False
long_parameter_list,cognitive,structural,0.0,-0.27718585822512665,0.27718585822512665,0.444,0.3541135522536715,0.5338864477463285,False
long_parameter_list,maintainability,structural,-0.0,-0.27718585822512665,0.27718585822512665,0.832,0.7394405711825232,0.9245594288174768,False
long_parameter_list,halstead_volume,structural,0.0,-0.27718585822512665,0.27718585822512665,0.555,0.46450800037151835,0.6454919996284818,False
long_parameter_list,halstead_difficulty,structural,0.0,-0.27718585822512665,0.27718585822512665,0.862,0.7691705495756089,0.954829450424391,False
long_parameter_list,halstead_effort,structural,0.0,-0.27718585822512665,0.27718585822512665,0.406,0.31629070750335664,0.4957092924966434,False
long_parameter_list,comment_density,structural,-0.0,-0.27718585822512665,0.27718585822512665,-0.135,-0.22390073996312912,-0.0460992600368709,False
long_parameter_list,api_calls,structural,-0.0,-0.27718585822512665,0.27718585822512665,-0.708,-0.7995376827683948,-0.6164623172316052,False
long_parameter_list,perplexity,fluency,-0.3804,-0.6600814951916555,-0.10071850480834454,-0.409,-0.4987227147824932,-0.31927728521750676,False
long_parameter_list,bleu,similarity,3.869,3.399323704830657,4.338676295169344,,,,False
long_parameter_list,chrf,similarity,2.757,2.36991800016534,3.1440819998346603,,,,False
long_parameter_list,rouge_l,similarity,3.1958,2.7775668426648124,3.614033157335188,,,,False
long_parameter_list,codebleu,similarity,4.9325,4.375280960281327,5.489719039718673,,,,False
long_parameter_list,ast_similarity,similarity,2.7781,2.389571839354674,3.1666281606453257,,,,False
long_parameter_list,codebert_score,similarity,4.6705,4.1354023185613675,5.205597681438632,,,,False
long_parameter_list,bertscore,similarity,4.8826,4.329617836067889,5.435582163932111,,,,False
mutable_default,sloc,structural,0.0,-0.27718585822512665,0.27718585822512665,0.124,0.015752747579569182,0.23224725242043082,False
mutable_default,cyclomatic,structural,0.0,-0.27718585822512665,0.27718585822512665,0.177,0.06865773253511145,0.28534226746488855,False
mutable_default,cognitive,structural,0.0,-0.27718585822512665,0.27718585822512665,0.324,0.21522017165473037,0.4327798283452696,False
mutable_default,maintainability,structural,-0.0,-0.27718585822512665,0.27718585822512665,0.213,0.10457418008084064,0.32142581991915936,False
mutable_default,halstead_volume,structural,0.0,-0.27718585822512665,0.27718585822512665,0.198,0.08961086024630698,0.30638913975369303,False
mutable_default,halstead_difficulty,structural,0.0,-0.27718585822512665,0.27718585822512665,0.302,0.1933018617118125,0.41069813828818746,False
mutable_default,halstead_effort,structural,0.0,-0.27718585822512665,0.27718585822512665,0.059,-0.04917635225158175,0.16717635225158173,False
mutable_default,comment_density,structural,-0.0,-0.27718585822512665,0.27718585822512665,-0.987,-1.100816976709973,-0.8731830232900271,False
mutable_default,api_calls,structural,-0.0,-0.27718585822512665,0.27718585822512665,-0.59,-0.7002119747669271,-0.4797880252330728,False
mutable_default,perplexity,fluency,0.3914,0.11157277689288342,0.6712272231071166,-0.512,-0.6217077787547407,-0.4022922212452593,False
mutable_default,bleu,similarity,2.3899,2.0270137674366246,2.752786232563375,,,,False
mutable_default,chrf,similarity,2.3363,1.976781584595782,2.695818415404218,,,,False
mutable_default,rouge_l,similarity,2.3458,1.985687966801219,2.705912033198781,,,,False
mutable_default,codebleu,similarity,2.0411,1.6992767696998345,2.3829232303001655,,,,False
mutable_default,ast_similarity,similarity,2.4539,2.086934485929754,2.820865514070246,,,,False
mutable_default,codebert_score,similarity,3.4229,2.987750817174569,3.8580491828254306,,,,False
mutable_default,bertscore,similarity,5.0,,,,,,True
dead_code,sloc,structural,0.213,-0.06497072485425512,0.4909707248542551,-0.032,-0.1539923751051914,0.0899923751051914,False
dead_code,cyclomatic,structural,0.0,-0.27718585822512665,0.27718585822512665,0.04,-0.08199573902836013,0.16199573902836012,False
dead_code,cognitive,structural,0.0,-0.27718585822512665,0.27718585822512665,0.11,-0.012057044295460478,0.23205704429546048,False
dead_code,maintainability,structural,0.0358,-0.24140806061613718,0.3130080606161372,-0.019,-0.1409885029746234,0.10298850297462339,False
dead_code,halstead_volume,structural,0.0,-0.27718585822512665,0.27718585822512665,0.012,-0.10998723559900693,0.13398723559900694,False
dead_code,halstead_difficulty,structural,0.0,-0.27718585822512665,0.27718585822512665,-0.039,-0.16099527766244184,0.08299527766244186,False
dead_code,halstead_effort,structural,0.0,-0.27718585822512665,0.27718585822512665,0.017,-0.10498808246435774,0.13898808246435773,False
dead_code,comment_density,structural,-0.0,-0.27718585822512665,0.27718585822512665,-0.286,-0.4084631932125632,-0.16353680678743676,False
dead_code,api_calls,structural,-0.0,-0.27718585822512665,0.27718585822512665,0.312,0.18944638545352843,0.43455361454647157,False
dead_code,perplexity,fluency,0.2131,-0.06487146094957302,0.49107146094957305,0.301,0.1784855920161727,0.4235144079838273,False
dead_code,bleu,similarity,1.7853,1.4575153273132497,2.1130846726867505,,,,False
dead_code,chrf,similarity,1.6073,1.2884848478551247,1.9261151521448752,,,,False
dead_code,rouge_l,similarity,2.379,2.0168022747669445,2.7411977252330555,,,,False
dead_code,codebleu,similarity,1.7333,1.4082068215733219,2.0583931784266785,,,,False
dead_code,ast_similarity,similarity,1.8887,1.5553964287998703,2.22200357120013,,,,False
dead_code,codebert_score,similarity,3.2103,2.7910016878541484,3.629598312145852,,,,False
dead_code,bertscore,similarity,3.8773,3.406966815326454,4.347633184673546,,,,False
